<?xml version="1.0" encoding="UTF-8"?>

<mule xmlns:http="http://www.mulesoft.org/schema/mule/http" xmlns="http://www.mulesoft.org/schema/mule/core" xmlns:doc="http://www.mulesoft.org/schema/mule/documentation"
	xmlns:spring="http://www.springframework.org/schema/beans" 
	xmlns:xsi="http://www.w3.org/2001/XMLSchema-instance"
	xsi:schemaLocation="http://www.springframework.org/schema/beans http://www.springframework.org/schema/beans/spring-beans-current.xsd
http://www.mulesoft.org/schema/mule/core http://www.mulesoft.org/schema/mule/core/current/mule.xsd
http://www.mulesoft.org/schema/mule/http http://www.mulesoft.org/schema/mule/http/current/mule-http.xsd">
    <http:listener-config name="HTTP_Listener_8081" host="0.0.0.0" port="8081" doc:name="HTTP Listener Configuration"/>
    
    <spring:beans>
    	<spring:bean name="utility" class="com.anupam.common.MyUtility" />
    </spring:beans>
    <flow name="app-twoFlow">
        <http:listener config-ref="HTTP_Listener_8081" path="/app2/" doc:name="HTTP"/>
        <invoke object-ref="utility" method="getUUID" doc:name="Invoke"/>
        <set-payload doc:name="Set Payload" value="#[payload]"/>
    </flow>
</mule>
